{"_step":0,"_wandb":{"runtime":1},"Predictions":[0],"_timestamp":1.740477015312087e+09,"_runtime":1.3951983000000001}